<?xml version="1.0" encoding="UTF-8" ?><productos><producto id="13">
                <nombre>Algas Konbu</nombre>
                <categoria>Pescado/Marisco</categoria>
                <descripcion>caja 2 kg</descripcion>
                <precio>6</precio>
                <stock>
                    <activo>24</activo>
                    <pendiente>0</pendiente>
                </stock>
                <estado>0</estado>
            </producto><producto id="45">
                <nombre>Arenque ahumado</nombre>
                <categoria>Pescado/Marisco</categoria>
                <descripcion>paq. 1k</descripcion>
                <precio>9.5</precio>
                <stock>
                    <activo>5</activo>
                    <pendiente>70</pendiente>
                </stock>
                <estado>0</estado>
            </producto><producto id="30">
                <nombre>Arenque blanco del noroeste</nombre>
                <categoria>Pescado/Marisco</categoria>
                <descripcion>10 - vasos 200 g</descripcion>
                <precio>25.89</precio>
                <stock>
                    <activo>10</activo>
                    <pendiente>0</pendiente>
                </stock>
                <estado>0</estado>
            </producto><producto id="46">
                <nombre>Arenque salado</nombre>
                <categoria>Pescado/Marisco</categoria>
                <descripcion>4 - vasos 450 g</descripcion>
                <precio>12</precio>
                <stock>
                    <activo>95</activo>
                    <pendiente>0</pendiente>
                </stock>
                <estado>0</estado>
            </producto><producto id="44">
                <nombre>Azúcar negra Malacca</nombre>
                <categoria>Condimentos</categoria>
                <descripcion>20 - bolsas 2 kg</descripcion>
                <precio>19.45</precio>
                <stock>
                    <activo>27</activo>
                    <pendiente>0</pendiente>
                </stock>
                <estado>0</estado>
            </producto><producto id="68">
                <nombre>Barras de pan de Escocia</nombre>
                <categoria>Repostería</categoria>
                <descripcion>10 cajas x 8 porc.</descripcion>
                <precio>12.5</precio>
                <stock>
                    <activo>6</activo>
                    <pendiente>10</pendiente>
                </stock>
                <estado>0</estado>
            </producto><producto id="64">
                <nombre>Bollos de pan de Wimmer</nombre>
                <categoria>Granos/Cereales</categoria>
                <descripcion>20 bolsas x 4 porc.</descripcion>
                <precio>33.25</precio>
                <stock>
                    <activo>22</activo>
                    <pendiente>80</pendiente>
                </stock>
                <estado>0</estado>
            </producto><producto id="21">
                <nombre>Bollos de Sir Rodney's</nombre>
                <categoria>Repostería</categoria>
                <descripcion>24 paq. x 4 piezas</descripcion>
                <precio>10</precio>
                <stock>
                    <activo>3</activo>
                    <pendiente>40</pendiente>
                </stock>
                <estado>0</estado>
            </producto><producto id="9">
                <nombre>Buey Mishi Kobe</nombre>
                <categoria>Carnes</categoria>
                <descripcion>18 - paq. 500 g</descripcion>
                <precio>97</precio>
                <stock>
                    <activo>29</activo>
                    <pendiente>0</pendiente>
                </stock>
                <estado>1</estado>
            </producto><producto id="43">
                <nombre>Café de Malasia</nombre>
                <categoria>Bebidas</categoria>
                <descripcion>16 - latas 500 g</descripcion>
                <precio>46</precio>
                <stock>
                    <activo>17</activo>
                    <pendiente>10</pendiente>
                </stock>
                <estado>0</estado>
            </producto><producto id="60">
                <nombre>Camembert Pierrot</nombre>
                <categoria>Lácteos</categoria>
                <descripcion>15 - paq. 300 g</descripcion>
                <precio>34</precio>
                <stock>
                    <activo>19</activo>
                    <pendiente>0</pendiente>
                </stock>
                <estado>0</estado>
            </producto><producto id="58">
                <nombre>Caracoles de Borgoña</nombre>
                <categoria>Pescado/Marisco</categoria>
                <descripcion>24 porc.</descripcion>
                <precio>13.25</precio>
                <stock>
                    <activo>62</activo>
                    <pendiente>0</pendiente>
                </stock>
                <estado>0</estado>
            </producto><producto id="40">
                <nombre>Carne de cangrejo de Boston</nombre>
                <categoria>Pescado/Marisco</categoria>
                <descripcion>24 - latas 4 l</descripcion>
                <precio>18.4</precio>
                <stock>
                    <activo>123</activo>
                    <pendiente>0</pendiente>
                </stock>
                <estado>0</estado>
            </producto><producto id="73">
                <nombre>Caviar rojo</nombre>
                <categoria>Pescado/Marisco</categoria>
                <descripcion>24 - frascos150 g</descripcion>
                <precio>15</precio>
                <stock>
                    <activo>101</activo>
                    <pendiente>0</pendiente>
                </stock>
                <estado>0</estado>
            </producto><producto id="52">
                <nombre>Cereales para Filo</nombre>
                <categoria>Granos/Cereales</categoria>
                <descripcion>16 - cajas 2 kg</descripcion>
                <precio>7</precio>
                <stock>
                    <activo>38</activo>
                    <pendiente>0</pendiente>
                </stock>
                <estado>0</estado>
            </producto><producto id="75">
                <nombre>Cerveza Klosterbier Rhönbräu</nombre>
                <categoria>Bebidas</categoria>
                <descripcion>24 - bot. 0,5 l</descripcion>
                <precio>7.75</precio>
                <stock>
                    <activo>125</activo>
                    <pendiente>0</pendiente>
                </stock>
                <estado>0</estado>
            </producto><producto id="67">
                <nombre>Cerveza Laughing Lumberjack</nombre>
                <categoria>Bebidas</categoria>
                <descripcion>24 - bot. 12 l</descripcion>
                <precio>14</precio>
                <stock>
                    <activo>52</activo>
                    <pendiente>0</pendiente>
                </stock>
                <estado>0</estado>
            </producto><producto id="35">
                <nombre>Cerveza negra Steeleye</nombre>
                <categoria>Bebidas</categoria>
                <descripcion>24 - bot. 12 l</descripcion>
                <precio>18</precio>
                <stock>
                    <activo>20</activo>
                    <pendiente>0</pendiente>
                </stock>
                <estado>0</estado>
            </producto><producto id="70">
                <nombre>Cerveza Outback</nombre>
                <categoria>Bebidas</categoria>
                <descripcion>24 - bot. 355 ml</descripcion>
                <precio>15</precio>
                <stock>
                    <activo>15</activo>
                    <pendiente>10</pendiente>
                </stock>
                <estado>0</estado>
            </producto><producto id="34">
                <nombre>Cerveza Sasquatch</nombre>
                <categoria>Bebidas</categoria>
                <descripcion>24 - bot. 12 l</descripcion>
                <precio>14</precio>
                <stock>
                    <activo>111</activo>
                    <pendiente>0</pendiente>
                </stock>
                <estado>0</estado>
            </producto><producto id="2">
                <nombre>Cerveza tibetana Barley</nombre>
                <categoria>Bebidas</categoria>
                <descripcion>24 - bot. 12 l</descripcion>
                <precio>19</precio>
                <stock>
                    <activo>17</activo>
                    <pendiente>40</pendiente>
                </stock>
                <estado>0</estado>
            </producto><producto id="50">
                <nombre>Chocolate blanco</nombre>
                <categoria>Repostería</categoria>
                <descripcion>12 - barras 100 g</descripcion>
                <precio>16.25</precio>
                <stock>
                    <activo>65</activo>
                    <pendiente>0</pendiente>
                </stock>
                <estado>0</estado>
            </producto><producto id="48">
                <nombre>Chocolate holandés</nombre>
                <categoria>Repostería</categoria>
                <descripcion>10 paq.</descripcion>
                <precio>12.75</precio>
                <stock>
                    <activo>15</activo>
                    <pendiente>70</pendiente>
                </stock>
                <estado>0</estado>
            </producto><producto id="27">
                <nombre>Chocolate Schoggi</nombre>
                <categoria>Repostería</categoria>
                <descripcion>100 - piezas 100 g</descripcion>
                <precio>43.9</precio>
                <stock>
                    <activo>49</activo>
                    <pendiente>0</pendiente>
                </stock>
                <estado>0</estado>
            </producto><producto id="28">
                <nombre>Col fermentada Rössle</nombre>
                <categoria>Frutas/Verduras</categoria>
                <descripcion>25 - latas 825 g</descripcion>
                <precio>45.6</precio>
                <stock>
                    <activo>26</activo>
                    <pendiente>0</pendiente>
                </stock>
                <estado>1</estado>
            </producto><producto id="17">
                <nombre>Cordero Alice Springs</nombre>
                <categoria>Carnes</categoria>
                <descripcion>20 - latas 1 kg</descripcion>
                <precio>39</precio>
                <stock>
                    <activo>0</activo>
                    <pendiente>0</pendiente>
                </stock>
                <estado>1</estado>
            </producto><producto id="41">
                <nombre>Crema de almejas estilo Nueva Inglaterra</nombre>
                <categoria>Pescado/Marisco</categoria>
                <descripcion>12 - latas 12 l</descripcion>
                <precio>9.65</precio>
                <stock>
                    <activo>85</activo>
                    <pendiente>0</pendiente>
                </stock>
                <estado>0</estado>
            </producto><producto id="25">
                <nombre>Crema de chocolate y nueces NuNuCa</nombre>
                <categoria>Repostería</categoria>
                <descripcion>20 - vasos  450 g</descripcion>
                <precio>14</precio>
                <stock>
                    <activo>76</activo>
                    <pendiente>0</pendiente>
                </stock>
                <estado>0</estado>
            </producto><producto id="71">
                <nombre>Crema de queso Fløtemys</nombre>
                <categoria>Lácteos</categoria>
                <descripcion>10 - paq. 500 g</descripcion>
                <precio>21.5</precio>
                <stock>
                    <activo>26</activo>
                    <pendiente>0</pendiente>
                </stock>
                <estado>0</estado>
            </producto><producto id="14">
                <nombre>Cuajada de judías</nombre>
                <categoria>Frutas/Verduras</categoria>
                <descripcion>40 - paq. 100 g</descripcion>
                <precio>23.25</precio>
                <stock>
                    <activo>35</activo>
                    <pendiente>0</pendiente>
                </stock>
                <estado>0</estado>
            </producto><producto id="53">
                <nombre>Empanada de carne</nombre>
                <categoria>Carnes</categoria>
                <descripcion>48 porc.</descripcion>
                <precio>32.8</precio>
                <stock>
                    <activo>0</activo>
                    <pendiente>0</pendiente>
                </stock>
                <estado>1</estado>
            </producto><producto id="54">
                <nombre>Empanada de cerdo</nombre>
                <categoria>Carnes</categoria>
                <descripcion>16 tartas</descripcion>
                <precio>7.45</precio>
                <stock>
                    <activo>21</activo>
                    <pendiente>0</pendiente>
                </stock>
                <estado>0</estado>
            </producto><producto id="36">
                <nombre>Escabeche de arenque</nombre>
                <categoria>Pescado/Marisco</categoria>
                <descripcion>24 - frascos 250 g</descripcion>
                <precio>19</precio>
                <stock>
                    <activo>112</activo>
                    <pendiente>0</pendiente>
                </stock>
                <estado>0</estado>
            </producto><producto id="4">
                <nombre>Especias Cajun del chef Anton</nombre>
                <categoria>Condimentos</categoria>
                <descripcion>48 - frascos 6 l</descripcion>
                <precio>22</precio>
                <stock>
                    <activo>53</activo>
                    <pendiente>0</pendiente>
                </stock>
                <estado>0</estado>
            </producto><producto id="66">
                <nombre>Especias picantes de Luisiana</nombre>
                <categoria>Condimentos</categoria>
                <descripcion>24 - frascos 8 l</descripcion>
                <precio>17</precio>
                <stock>
                    <activo>4</activo>
                    <pendiente>100</pendiente>
                </stock>
                <estado>0</estado>
            </producto><producto id="47">
                <nombre>Galletas Zaanse</nombre>
                <categoria>Repostería</categoria>
                <descripcion>10 - cajas 4 l</descripcion>
                <precio>9.5</precio>
                <stock>
                    <activo>36</activo>
                    <pendiente>0</pendiente>
                </stock>
                <estado>0</estado>
            </producto><producto id="56">
                <nombre>Gnocchi de la abuela Alicia</nombre>
                <categoria>Granos/Cereales</categoria>
                <descripcion>24 - paq. 250 g</descripcion>
                <precio>38</precio>
                <stock>
                    <activo>21</activo>
                    <pendiente>10</pendiente>
                </stock>
                <estado>0</estado>
            </producto><producto id="18">
                <nombre>Langostinos tigre Carnarvon</nombre>
                <categoria>Pescado/Marisco</categoria>
                <descripcion>paq. 16 kg</descripcion>
                <precio>62.5</precio>
                <stock>
                    <activo>42</activo>
                    <pendiente>0</pendiente>
                </stock>
                <estado>0</estado>
            </producto><producto id="76">
                <nombre>Licor Cloudberry</nombre>
                <categoria>Bebidas</categoria>
                <descripcion>500 ml</descripcion>
                <precio>18</precio>
                <stock>
                    <activo>57</activo>
                    <pendiente>0</pendiente>
                </stock>
                <estado>0</estado>
            </producto><producto id="39">
                <nombre>Licor verde Chartreuse</nombre>
                <categoria>Bebidas</categoria>
                <descripcion>750 cc por bot.</descripcion>
                <precio>18</precio>
                <stock>
                    <activo>69</activo>
                    <pendiente>0</pendiente>
                </stock>
                <estado>0</estado>
            </producto><producto id="51">
                <nombre>Manzanas secas Manjimup</nombre>
                <categoria>Frutas/Verduras</categoria>
                <descripcion>50 - paq. 300 g</descripcion>
                <precio>53</precio>
                <stock>
                    <activo>20</activo>
                    <pendiente>0</pendiente>
                </stock>
                <estado>0</estado>
            </producto><producto id="6">
                <nombre>Mermelada de grosellas de la abuela</nombre>
                <categoria>Condimentos</categoria>
                <descripcion>12 - frascos 8 l</descripcion>
                <precio>25</precio>
                <stock>
                    <activo>120</activo>
                    <pendiente>0</pendiente>
                </stock>
                <estado>0</estado>
            </producto><producto id="20">
                <nombre>Mermelada de Sir Rodney's</nombre>
                <categoria>Repostería</categoria>
                <descripcion>30 cajas regalo</descripcion>
                <precio>81</precio>
                <stock>
                    <activo>40</activo>
                    <pendiente>0</pendiente>
                </stock>
                <estado>0</estado>
            </producto><producto id="5">
                <nombre>Mezcla Gumbo del chef Anton</nombre>
                <categoria>Condimentos</categoria>
                <descripcion>36 cajas</descripcion>
                <precio>21.35</precio>
                <stock>
                    <activo>0</activo>
                    <pendiente>0</pendiente>
                </stock>
                <estado>1</estado>
            </producto><producto id="26">
                <nombre>Ositos de goma Gumbär</nombre>
                <categoria>Repostería</categoria>
                <descripcion>100 - bolsas 250 g</descripcion>
                <precio>31.23</precio>
                <stock>
                    <activo>15</activo>
                    <pendiente>0</pendiente>
                </stock>
                <estado>0</estado>
            </producto><producto id="79">
                <nombre>Pan bimbo</nombre>
                <categoria>Granos/Cereales</categoria>
                <descripcion>12 panes de 1 Kg</descripcion>
                <precio>26.5</precio>
                <stock>
                    <activo>100</activo>
                    <pendiente></pendiente>
                </stock>
                <estado>0</estado>
            </producto><producto id="22">
                <nombre>Pan de centeno crujiente estilo Gustaf's</nombre>
                <categoria>Granos/Cereales</categoria>
                <descripcion>24 - paq. 500 g</descripcion>
                <precio>21</precio>
                <stock>
                    <activo>104</activo>
                    <pendiente>0</pendiente>
                </stock>
                <estado>0</estado>
            </producto><producto id="23">
                <nombre>Pan fino</nombre>
                <categoria>Granos/Cereales</categoria>
                <descripcion>12 - paq. 250 g</descripcion>
                <precio>9</precio>
                <stock>
                    <activo>61</activo>
                    <pendiente>0</pendiente>
                </stock>
                <estado>0</estado>
            </producto><producto id="19">
                <nombre>Pastas de té de chocolate</nombre>
                <categoria>Repostería</categoria>
                <descripcion>10 cajas x 12 piezas</descripcion>
                <precio>9.2</precio>
                <stock>
                    <activo>25</activo>
                    <pendiente>0</pendiente>
                </stock>
                <estado>0</estado>
            </producto><producto id="55">
                <nombre>Paté chino</nombre>
                <categoria>Carnes</categoria>
                <descripcion>24 cajas x 2 tartas</descripcion>
                <precio>24</precio>
                <stock>
                    <activo>115</activo>
                    <pendiente>0</pendiente>
                </stock>
                <estado>0</estado>
            </producto><producto id="7">
                <nombre>Peras secas orgánicas del tío Bob</nombre>
                <categoria>Frutas/Verduras</categoria>
                <descripcion>12 - paq. 1 kg</descripcion>
                <precio>30</precio>
                <stock>
                    <activo>15</activo>
                    <pendiente>0</pendiente>
                </stock>
                <estado>0</estado>
            </producto><producto id="10">
                <nombre>Pez espada</nombre>
                <categoria>Pescado/Marisco</categoria>
                <descripcion>12 - frascos 200 ml</descripcion>
                <precio>31</precio>
                <stock>
                    <activo>31</activo>
                    <pendiente>0</pendiente>
                </stock>
                <estado>0</estado>
            </producto><producto id="16">
                <nombre>Postre de merengue Pavlova</nombre>
                <categoria>Repostería</categoria>
                <descripcion>32 - cajas 500 g</descripcion>
                <precio>17.45</precio>
                <stock>
                    <activo>29</activo>
                    <pendiente>0</pendiente>
                </stock>
                <estado>0</estado>
            </producto><producto id="11">
                <nombre>Queso Cabrales</nombre>
                <categoria>Lácteos</categoria>
                <descripcion>paq. 1 kg</descripcion>
                <precio>21</precio>
                <stock>
                    <activo>22</activo>
                    <pendiente>30</pendiente>
                </stock>
                <estado>0</estado>
            </producto><producto id="33">
                <nombre>Queso de cabra</nombre>
                <categoria>Lácteos</categoria>
                <descripcion>500 g</descripcion>
                <precio>2.5</precio>
                <stock>
                    <activo>112</activo>
                    <pendiente>0</pendiente>
                </stock>
                <estado>0</estado>
            </producto><producto id="74">
                <nombre>Queso de soja Longlife</nombre>
                <categoria>Frutas/Verduras</categoria>
                <descripcion>paq. 5 kg</descripcion>
                <precio>10</precio>
                <stock>
                    <activo>4</activo>
                    <pendiente>20</pendiente>
                </stock>
                <estado>0</estado>
            </producto><producto id="31">
                <nombre>Queso gorgonzola Telino</nombre>
                <categoria>Lácteos</categoria>
                <descripcion>12 - paq. 100 g</descripcion>
                <precio>12.5</precio>
                <stock>
                    <activo>0</activo>
                    <pendiente>70</pendiente>
                </stock>
                <estado>0</estado>
            </producto><producto id="69">
                <nombre>Queso Gudbrandsdals</nombre>
                <categoria>Lácteos</categoria>
                <descripcion>paq. 10 kg</descripcion>
                <precio>36</precio>
                <stock>
                    <activo>26</activo>
                    <pendiente>0</pendiente>
                </stock>
                <estado>0</estado>
            </producto><producto id="12">
                <nombre>Queso Manchego La Pastora</nombre>
                <categoria>Lácteos</categoria>
                <descripcion>10 - paq. 500 g</descripcion>
                <precio>38</precio>
                <stock>
                    <activo>86</activo>
                    <pendiente>0</pendiente>
                </stock>
                <estado>0</estado>
            </producto><producto id="32">
                <nombre>Queso Mascarpone Fabioli</nombre>
                <categoria>Lácteos</categoria>
                <descripcion>24 - paq. 200 g</descripcion>
                <precio>32</precio>
                <stock>
                    <activo>9</activo>
                    <pendiente>40</pendiente>
                </stock>
                <estado>0</estado>
            </producto><producto id="72">
                <nombre>Queso Mozzarella Giovanni</nombre>
                <categoria>Lácteos</categoria>
                <descripcion>24 - paq. 200 g</descripcion>
                <precio>34.8</precio>
                <stock>
                    <activo>14</activo>
                    <pendiente>0</pendiente>
                </stock>
                <estado>0</estado>
            </producto><producto id="59">
                <nombre>Raclet de queso Courdavault</nombre>
                <categoria>Lácteos</categoria>
                <descripcion>paq. 5 kg</descripcion>
                <precio>55</precio>
                <stock>
                    <activo>79</activo>
                    <pendiente>0</pendiente>
                </stock>
                <estado>0</estado>
            </producto><producto id="57">
                <nombre>Raviolis Angelo</nombre>
                <categoria>Granos/Cereales</categoria>
                <descripcion>24 - paq. 250 g</descripcion>
                <precio>19.5</precio>
                <stock>
                    <activo>36</activo>
                    <pendiente>0</pendiente>
                </stock>
                <estado>0</estado>
            </producto><producto id="24">
                <nombre>Refresco Guaraná Fantástica</nombre>
                <categoria>Bebidas</categoria>
                <descripcion>12 - latas 355 ml</descripcion>
                <precio>4.5</precio>
                <stock>
                    <activo>20</activo>
                    <pendiente>0</pendiente>
                </stock>
                <estado>1</estado>
            </producto><producto id="49">
                <nombre>Regaliz</nombre>
                <categoria>Repostería</categoria>
                <descripcion>24 - paq. 50 g</descripcion>
                <precio>20</precio>
                <stock>
                    <activo>10</activo>
                    <pendiente>60</pendiente>
                </stock>
                <estado>0</estado>
            </producto><producto id="29">
                <nombre>Salchicha Thüringer</nombre>
                <categoria>Carnes</categoria>
                <descripcion>50 bolsas x 30 salch</descripcion>
                <precio>123.79</precio>
                <stock>
                    <activo>0</activo>
                    <pendiente>0</pendiente>
                </stock>
                <estado>1</estado>
            </producto><producto id="37">
                <nombre>Salmón ahumado Gravad</nombre>
                <categoria>Pescado/Marisco</categoria>
                <descripcion>12 - paq. 500 g</descripcion>
                <precio>26</precio>
                <stock>
                    <activo>11</activo>
                    <pendiente>50</pendiente>
                </stock>
                <estado>0</estado>
            </producto><producto id="8">
                <nombre>Salsa de arándanos Northwoods</nombre>
                <categoria>Condimentos</categoria>
                <descripcion>12 - frascos 12 l</descripcion>
                <precio>40</precio>
                <stock>
                    <activo>6</activo>
                    <pendiente>0</pendiente>
                </stock>
                <estado>0</estado>
            </producto><producto id="65">
                <nombre>Salsa de pimiento picante de Luisiana</nombre>
                <categoria>Condimentos</categoria>
                <descripcion>32 - bot. 8 l</descripcion>
                <precio>21.05</precio>
                <stock>
                    <activo>76</activo>
                    <pendiente>0</pendiente>
                </stock>
                <estado>0</estado>
            </producto><producto id="15">
                <nombre>Salsa de soja baja en sodio</nombre>
                <categoria>Condimentos</categoria>
                <descripcion>24 - bot. 250 ml</descripcion>
                <precio>15.5</precio>
                <stock>
                    <activo>39</activo>
                    <pendiente>0</pendiente>
                </stock>
                <estado>0</estado>
            </producto><producto id="77">
                <nombre>Salsa verde original Frankfurter</nombre>
                <categoria>Condimentos</categoria>
                <descripcion>12 cajas</descripcion>
                <precio>13</precio>
                <stock>
                    <activo>32</activo>
                    <pendiente>0</pendiente>
                </stock>
                <estado>0</estado>
            </producto><producto id="63">
                <nombre>Sandwich de vegetales</nombre>
                <categoria>Condimentos</categoria>
                <descripcion>15 - frascos 625 g</descripcion>
                <precio>43.9</precio>
                <stock>
                    <activo>24</activo>
                    <pendiente>0</pendiente>
                </stock>
                <estado>0</estado>
            </producto><producto id="61">
                <nombre>Sirope de arce</nombre>
                <categoria>Condimentos</categoria>
                <descripcion>24 - bot. 500 ml</descripcion>
                <precio>28.5</precio>
                <stock>
                    <activo>113</activo>
                    <pendiente>0</pendiente>
                </stock>
                <estado>0</estado>
            </producto><producto id="3">
                <nombre>Sirope de regaliz</nombre>
                <categoria>Condimentos</categoria>
                <descripcion>12 - bot. 550 ml</descripcion>
                <precio>10</precio>
                <stock>
                    <activo>13</activo>
                    <pendiente>70</pendiente>
                </stock>
                <estado>0</estado>
            </producto><producto id="42">
                <nombre>Tallarines de Singapur</nombre>
                <categoria>Granos/Cereales</categoria>
                <descripcion>32 - 1 kg paq.</descripcion>
                <precio>14</precio>
                <stock>
                    <activo>26</activo>
                    <pendiente>0</pendiente>
                </stock>
                <estado>1</estado>
            </producto><producto id="62">
                <nombre>Tarta de azúcar</nombre>
                <categoria>Repostería</categoria>
                <descripcion>48 tartas</descripcion>
                <precio>49.3</precio>
                <stock>
                    <activo>17</activo>
                    <pendiente>0</pendiente>
                </stock>
                <estado>0</estado>
            </producto><producto id="1">
                <nombre>Té Dharamsala</nombre>
                <categoria>Bebidas</categoria>
                <descripcion>10 cajas x 20 bolsas</descripcion>
                <precio>18</precio>
                <stock>
                    <activo>39</activo>
                    <pendiente>0</pendiente>
                </stock>
                <estado>0</estado>
            </producto><producto id="38">
                <nombre>Vino Côte de Blaye</nombre>
                <categoria>Bebidas</categoria>
                <descripcion>12 - bot. 75 cl</descripcion>
                <precio>263.5</precio>
                <stock>
                    <activo>17</activo>
                    <pendiente>0</pendiente>
                </stock>
                <estado>0</estado>
            </producto></productos>